,LHS,LHS_size,RHS,RHS_size,conf,sup,lift,cov
0,"('clear == ""True""', 'isEmpty == ""True""', 'peek_obj_type == ""EmptyObject""', 'push == ""False""', 'size == ""0""')",5,"('pop == ""False""',)",1,1.0,0.22893972403776325,1.2854373115036621,222054633.81933963
1,"('clear == ""True""', 'isEmpty == ""True""', 'peek_obj_type == ""EmptyObject""', 'pop == ""False""', 'size == ""0""')",5,"('push == ""False""',)",1,1.0,0.22893972403776325,2.2173226395813335,549005642.142897
2,"('clear == ""True""', 'isEmpty == ""True""', 'peek_obj_type == ""EmptyObject""', 'pop == ""False""', 'push == ""False""')",5,"('size == ""0""',)",1,1.0,0.22893972403776325,2.539238980105677,606181218.9263169
3,"('peek_obj_type == ""EmptyObject""', 'pop == ""False""', 'push == ""False""', 'size == ""0""')",4,"('clear == ""True""', 'isEmpty == ""True""')",2,1.0,0.22893972403776325,4.367961934972245,771060275.9622366
4,"('isEmpty == ""True""', 'pop == ""False""', 'push == ""False""', 'size == ""0""')",4,"('clear == ""True""', 'peek_obj_type == ""EmptyObject""')",2,1.0,0.22893972403776325,4.367961934972245,771060275.9622366
5,"('isEmpty == ""True""', 'peek_obj_type == ""EmptyObject""', 'pop == ""False""', 'size == ""0""')",4,"('clear == ""True""', 'push == ""False""')",2,1.0,0.22893972403776325,4.367961934972245,771060275.9622366
6,"('isEmpty == ""True""', 'peek_obj_type == ""EmptyObject""', 'pop == ""False""', 'push == ""False""')",4,"('clear == ""True""', 'size == ""0""')",2,1.0,0.22893972403776325,4.367961934972245,771060275.9622366
7,"('isEmpty == ""False""', 'pop == ""False""', 'size == ""1""')",3,"('clear == ""False""',)",1,1.0,0.3684710351377018,1.2969154697433483,228939724.0377633
8,"('clear == ""False""', 'pop == ""False""', 'size == ""1""')",3,"('isEmpty == ""False""',)",1,1.0,0.3684710351377018,1.6496716968091234,393818781.073683
9,"('pop == ""False""', 'size == ""1""')",2,"('clear == ""False""', 'isEmpty == ""False""')",2,1.0,0.3684710351377018,1.6496716968091234,393818781.073683
10,"('push == ""True""', 'size == ""1""')",2,"('isEmpty == ""False""',)",1,1.0,0.3684710351377018,1.6496716968091234,393818781.073683
11,"('clear == ""True""', 'peek_obj_type == ""EmptyObject""', 'push == ""False""')",3,"('isEmpty == ""True""',)",1,1.0,0.22893972403776325,2.539238980105677,606181218.9263169
12,"('clear == ""True""', 'isEmpty == ""True""', 'push == ""False""')",3,"('peek_obj_type == ""EmptyObject""',)",1,1.0,0.22893972403776325,2.539238980105677,606181218.9263169
13,"('clear == ""True""', 'isEmpty == ""True""', 'peek_obj_type == ""EmptyObject""')",3,"('push == ""False""',)",1,1.0,0.22893972403776325,2.2173226395813335,549005642.142897
14,"('clear == ""True""', 'push == ""False""')",2,"('isEmpty == ""True""', 'peek_obj_type == ""EmptyObject""')",2,1.0,0.22893972403776325,2.539238980105677,606181218.9263169
15,"('clear == ""True""', 'peek_obj_type == ""EmptyObject""')",2,"('isEmpty == ""True""', 'push == ""False""')",2,1.0,0.22893972403776325,2.539238980105677,606181218.9263169
16,"('peek_obj_type == ""class java.lang.Float""', 'pop == ""False""', 'push == ""True""')",3,"('clear == ""False""',)",1,1.0,0.2067621920563097,1.296915469743348,228939724.0377633
17,"('clear == ""False""', 'peek_obj_type == ""class java.lang.Float""', 'push == ""True""')",3,"('pop == ""False""',)",1,1.0,0.2067621920563097,1.2854373115036621,222054633.81933963
18,"('clear == ""False""', 'peek_obj_type == ""class java.lang.Float""', 'pop == ""False""')",3,"('push == ""True""',)",1,1.0,0.2067621920563097,1.8214749052428072,450994357.85710293
19,"('peek_obj_type == ""class java.lang.Float""', 'push == ""True""')",2,"('clear == ""False""', 'pop == ""False""')",2,1.0,0.2067621920563097,1.8214749052428072,450994357.85710293
20,"('pop == ""False""', 'push == ""True""')",2,"('clear == ""False""',)",1,1.0,0.549005642142897,1.2969154697433483,228939724.0377633
21,"('clear == ""False""', 'push == ""True""')",2,"('pop == ""False""',)",1,1.0,0.549005642142897,1.2854373115036621,222054633.81933963
22,"('clear == ""False""', 'pop == ""False""')",2,"('push == ""True""',)",1,1.0,0.549005642142897,1.8214749052428074,450994357.85710293
23,"('push == ""True""',)",1,"('clear == ""False""', 'pop == ""False""')",2,1.0,0.549005642142897,1.8214749052428074,450994357.85710293
24,"('peek_obj_type == ""class java.lang.Float""', 'pop == ""False""')",2,"('clear == ""False""', 'push == ""True""')",2,1.0,0.2067621920563097,1.8214749052428072,450994357.85710293
25,"('clear == ""True""', 'isEmpty == ""True""')",2,"('peek_obj_type == ""EmptyObject""', 'push == ""False""')",2,1.0,0.22893972403776325,2.539238980105677,606181218.9263169
26,"('clear == ""True""',)",1,"('isEmpty == ""True""', 'peek_obj_type == ""EmptyObject""', 'push == ""False""')",3,1.0,0.22893972403776325,2.539238980105677,606181218.9263169
27,"('clear == ""True""', 'isEmpty == ""True""', 'pop == ""False""')",3,"('peek_obj_type == ""EmptyObject""', 'push == ""False""')",2,1.0,0.22893972403776325,2.539238980105677,606181218.9263169
28,"('clear == ""True""', 'isEmpty == ""True""', 'peek_obj_type == ""EmptyObject""')",3,"('pop == ""False""', 'push == ""False""')",2,1.0,0.22893972403776325,4.367961934972245,771060275.9622366
29,"('pop == ""False""', 'push == ""False""')",2,"('clear == ""True""', 'isEmpty == ""True""', 'peek_obj_type == ""EmptyObject""')",3,1.0,0.22893972403776325,4.367961934972245,771060275.9622366
30,"('peek_obj_type == ""class java.lang.Float""', 'push == ""True""')",2,"('clear == ""False""', 'isEmpty == ""False""')",2,1.0,0.2067621920563097,1.6496716968091234,393818781.073683
31,"('peek_obj_type == ""EmptyObject""', 'pop == ""False""')",2,"('clear == ""True""', 'isEmpty == ""True""', 'push == ""False""')",3,1.0,0.22893972403776325,4.367961934972245,771060275.9622366
32,"('isEmpty == ""True""', 'pop == ""False""')",2,"('clear == ""True""', 'peek_obj_type == ""EmptyObject""', 'push == ""False""')",3,1.0,0.22893972403776325,4.367961934972245,771060275.9622366
33,"('clear == ""True""', 'push == ""False""')",2,"('isEmpty == ""True""', 'peek_obj_type == ""EmptyObject""', 'pop == ""False""')",3,1.0,0.22893972403776325,4.367961934972245,771060275.9622366
34,"('clear == ""True""', 'pop == ""False""')",2,"('isEmpty == ""True""', 'peek_obj_type == ""EmptyObject""', 'push == ""False""')",3,1.0,0.22893972403776325,2.539238980105677,606181218.9263169
35,"('clear == ""True""', 'peek_obj_type == ""EmptyObject""')",2,"('isEmpty == ""True""', 'pop == ""False""', 'push == ""False""')",3,1.0,0.22893972403776325,4.367961934972245,771060275.9622366
36,"('clear == ""True""', 'peek_obj_type == ""EmptyObject""', 'pop == ""False""')",3,"('push == ""False""',)",1,1.0,0.22893972403776325,2.2173226395813335,549005642.142897
37,"('pop == ""False""', 'push == ""False""')",2,"('clear == ""True""', 'peek_obj_type == ""EmptyObject""')",2,1.0,0.22893972403776325,4.367961934972245,771060275.9622366
38,"('peek_obj_type == ""EmptyObject""', 'pop == ""False""', 'size == ""0""')",3,"('isEmpty == ""True""', 'push == ""False""')",2,1.0,0.22893972403776325,2.539238980105677,606181218.9263169
39,"('peek_obj_type == ""EmptyObject""', 'pop == ""False""', 'push == ""False""')",3,"('isEmpty == ""True""', 'size == ""0""')",2,1.0,0.22893972403776325,2.539238980105677,606181218.9263169
40,"('peek_obj_type == ""EmptyObject""', 'pop == ""False""')",2,"('clear == ""True""', 'push == ""False""')",2,1.0,0.22893972403776325,4.367961934972245,771060275.9622366
41,"('isEmpty == ""True""', 'pop == ""False""', 'size == ""0""')",3,"('peek_obj_type == ""EmptyObject""', 'push == ""False""')",2,1.0,0.22893972403776325,2.539238980105677,606181218.9263169
42,"('isEmpty == ""True""', 'pop == ""False""', 'push == ""False""')",3,"('peek_obj_type == ""EmptyObject""', 'size == ""0""')",2,1.0,0.22893972403776325,2.539238980105677,606181218.9263169
43,"('pop == ""True""',)",1,"('clear == ""False""',)",1,1.0,0.2220546338193397,1.2969154697433483,228939724.0377633
44,"('peek_obj_type == ""class java.lang.Float""', 'pop == ""False""', 'push == ""True""')",3,"('isEmpty == ""False""',)",1,1.0,0.2067621920563097,1.6496716968091234,393818781.073683
45,"('isEmpty == ""False""', 'peek_obj_type == ""class java.lang.Float""', 'push == ""True""')",3,"('pop == ""False""',)",1,1.0,0.2067621920563097,1.2854373115036621,222054633.81933963
46,"('isEmpty == ""False""', 'peek_obj_type == ""class java.lang.Float""', 'pop == ""False""')",3,"('push == ""True""',)",1,1.0,0.2067621920563097,1.8214749052428072,450994357.85710293
47,"('peek_obj_type == ""class java.lang.Float""', 'push == ""True""')",2,"('isEmpty == ""False""', 'pop == ""False""')",2,1.0,0.2067621920563097,1.8214749052428072,450994357.85710293
48,"('peek_obj_type == ""class java.lang.Float""', 'pop == ""False""')",2,"('isEmpty == ""False""', 'push == ""True""')",2,1.0,0.2067621920563097,1.8214749052428072,450994357.85710293
49,"('isEmpty == ""False""', 'push == ""True""')",2,"('clear == ""False""',)",1,1.0,0.549005642142897,1.2969154697433483,228939724.0377633
50,"('clear == ""False""', 'push == ""True""')",2,"('isEmpty == ""False""',)",1,1.0,0.549005642142897,1.6496716968091232,393818781.073683
51,"('push == ""True""',)",1,"('clear == ""False""', 'isEmpty == ""False""')",2,1.0,0.549005642142897,1.6496716968091232,393818781.073683
52,"('push == ""True""',)",1,"('pop == ""False""',)",1,1.0,0.549005642142897,1.2854373115036621,222054633.81933963
53,"('push == ""True""', 'size == ""1""')",2,"('clear == ""False""',)",1,1.0,0.3684710351377018,1.2969154697433483,228939724.0377633
54,"('size == ""0""',)",1,"('isEmpty == ""True""',)",1,1.0,0.393818781073683,2.539238980105677,606181218.9263169
55,"('isEmpty == ""True""',)",1,"('size == ""0""',)",1,1.0,0.393818781073683,2.539238980105677,606181218.9263169
56,"('clear == ""True""', 'peek_obj_type == ""EmptyObject""')",2,"('isEmpty == ""True""', 'pop == ""False""', 'push == ""False""', 'size == ""0""')",4,1.0,0.22893972403776325,4.367961934972245,771060275.9622366
57,"('clear == ""True""', 'isEmpty == ""True""')",2,"('peek_obj_type == ""EmptyObject""', 'pop == ""False""', 'push == ""False""', 'size == ""0""')",4,1.0,0.22893972403776325,4.367961934972245,771060275.9622366
58,"('clear == ""True""',)",1,"('peek_obj_type == ""EmptyObject""',)",1,1.0,0.22893972403776325,2.539238980105677,606181218.9263169
59,"('peek_obj_type == ""class java.lang.Float""', 'push == ""True""')",2,"('clear == ""False""', 'isEmpty == ""False""', 'pop == ""False""')",3,1.0,0.2067621920563097,1.8214749052428072,450994357.85710293
60,"('peek_obj_type == ""class java.lang.Float""', 'pop == ""False""')",2,"('clear == ""False""', 'isEmpty == ""False""', 'push == ""True""')",3,1.0,0.2067621920563097,1.8214749052428072,450994357.85710293
61,"('pop == ""False""', 'size == ""0""')",2,"('isEmpty == ""True""',)",1,1.0,0.22893972403776325,2.539238980105677,606181218.9263169
62,"('isEmpty == ""True""', 'pop == ""False""')",2,"('size == ""0""',)",1,1.0,0.22893972403776325,2.539238980105677,606181218.9263169
63,"('clear == ""True""', 'pop == ""False""', 'size == ""0""')",3,"('peek_obj_type == ""EmptyObject""',)",1,1.0,0.22893972403776325,2.539238980105677,606181218.9263169
64,"('clear == ""True""', 'peek_obj_type == ""EmptyObject""', 'size == ""0""')",3,"('pop == ""False""',)",1,1.0,0.22893972403776325,1.2854373115036621,222054633.81933963
65,"('clear == ""True""', 'peek_obj_type == ""EmptyObject""', 'pop == ""False""')",3,"('size == ""0""',)",1,1.0,0.22893972403776325,2.539238980105677,606181218.9263169
66,"('peek_obj_type == ""EmptyObject""', 'pop == ""False""')",2,"('clear == ""True""',)",1,1.0,0.22893972403776325,4.367961934972245,771060275.9622366
67,"('clear == ""True""', 'pop == ""False""')",2,"('peek_obj_type == ""EmptyObject""',)",1,1.0,0.22893972403776325,2.539238980105677,606181218.9263169
68,"('clear == ""True""', 'peek_obj_type == ""EmptyObject""')",2,"('pop == ""False""',)",1,1.0,0.22893972403776325,1.2854373115036621,222054633.81933963
69,"('clear == ""True""',)",1,"('peek_obj_type == ""EmptyObject""', 'pop == ""False""')",2,1.0,0.22893972403776325,4.367961934972245,771060275.9622366
70,"('isEmpty == ""True""', 'peek_obj_type == ""EmptyObject""', 'pop == ""False""', 'size == ""0""')",4,"('clear == ""True""',)",1,1.0,0.22893972403776325,4.367961934972245,771060275.9622366
71,"('clear == ""True""', 'peek_obj_type == ""EmptyObject""', 'pop == ""False""', 'size == ""0""')",4,"('isEmpty == ""True""',)",1,1.0,0.22893972403776325,2.539238980105677,606181218.9263169
72,"('clear == ""True""', 'isEmpty == ""True""', 'pop == ""False""', 'size == ""0""')",4,"('peek_obj_type == ""EmptyObject""',)",1,1.0,0.22893972403776325,2.539238980105677,606181218.9263169
73,"('clear == ""True""', 'isEmpty == ""True""', 'peek_obj_type == ""EmptyObject""', 'size == ""0""')",4,"('pop == ""False""',)",1,1.0,0.22893972403776325,1.2854373115036621,222054633.81933963
74,"('clear == ""True""', 'isEmpty == ""True""', 'peek_obj_type == ""EmptyObject""', 'pop == ""False""')",4,"('size == ""0""',)",1,1.0,0.22893972403776325,2.539238980105677,606181218.9263169
75,"('peek_obj_type == ""EmptyObject""', 'pop == ""False""', 'size == ""0""')",3,"('clear == ""True""', 'isEmpty == ""True""')",2,1.0,0.22893972403776325,4.367961934972245,771060275.9622366
76,"('isEmpty == ""True""', 'pop == ""False""', 'size == ""0""')",3,"('clear == ""True""', 'peek_obj_type == ""EmptyObject""')",2,1.0,0.22893972403776325,4.367961934972245,771060275.9622366
77,"('clear == ""False""', 'pop == ""False""', 'push == ""True""', 'size == ""1""')",4,"('isEmpty == ""False""',)",1,1.0,0.3684710351377018,1.6496716968091234,393818781.073683
78,"('clear == ""False""', 'isEmpty == ""False""', 'push == ""True""', 'size == ""1""')",4,"('pop == ""False""',)",1,1.0,0.3684710351377018,1.2854373115036624,222054633.81933963
79,"('clear == ""False""', 'isEmpty == ""False""', 'pop == ""False""', 'size == ""1""')",4,"('push == ""True""',)",1,1.0,0.3684710351377018,1.8214749052428074,450994357.85710293
80,"('pop == ""False""', 'push == ""True""', 'size == ""1""')",3,"('clear == ""False""', 'isEmpty == ""False""')",2,1.0,0.3684710351377018,1.6496716968091234,393818781.073683
81,"('isEmpty == ""False""', 'push == ""True""', 'size == ""1""')",3,"('clear == ""False""', 'pop == ""False""')",2,1.0,0.3684710351377018,1.8214749052428074,450994357.85710293
82,"('isEmpty == ""False""', 'pop == ""False""', 'size == ""1""')",3,"('clear == ""False""', 'push == ""True""')",2,1.0,0.3684710351377018,1.8214749052428074,450994357.85710293
83,"('clear == ""False""', 'push == ""True""', 'size == ""1""')",3,"('isEmpty == ""False""', 'pop == ""False""')",2,1.0,0.3684710351377018,1.8214749052428074,450994357.85710293
84,"('clear == ""False""', 'pop == ""False""', 'size == ""1""')",3,"('isEmpty == ""False""', 'push == ""True""')",2,1.0,0.3684710351377018,1.8214749052428074,450994357.85710293
85,"('push == ""True""', 'size == ""1""')",2,"('clear == ""False""', 'isEmpty == ""False""', 'pop == ""False""')",3,1.0,0.3684710351377018,1.8214749052428074,450994357.85710293
86,"('peek_obj_type == ""class java.lang.Float""', 'push == ""True""')",2,"('clear == ""False""',)",1,1.0,0.2067621920563097,1.296915469743348,228939724.0377633
87,"('clear == ""True""', 'push == ""False""', 'size == ""0""')",3,"('isEmpty == ""True""',)",1,1.0,0.22893972403776325,2.539238980105677,606181218.9263169
88,"('clear == ""True""', 'isEmpty == ""True""', 'size == ""0""')",3,"('push == ""False""',)",1,1.0,0.22893972403776325,2.2173226395813335,549005642.142897
89,"('clear == ""True""', 'isEmpty == ""True""', 'push == ""False""')",3,"('size == ""0""',)",1,1.0,0.22893972403776325,2.539238980105677,606181218.9263169
90,"('clear == ""True""', 'size == ""0""')",2,"('isEmpty == ""True""', 'push == ""False""')",2,1.0,0.22893972403776325,2.539238980105677,606181218.9263169
91,"('clear == ""True""', 'push == ""False""')",2,"('isEmpty == ""True""', 'size == ""0""')",2,1.0,0.22893972403776325,2.539238980105677,606181218.9263169
92,"('clear == ""True""', 'isEmpty == ""True""')",2,"('push == ""False""', 'size == ""0""')",2,1.0,0.22893972403776325,2.539238980105677,606181218.9263169
93,"('peek_obj_type == ""class java.lang.Float""',)",1,"('isEmpty == ""False""',)",1,1.0,0.22701245740461426,1.6496716968091234,393818781.073683
94,"('size == ""1""',)",1,"('isEmpty == ""False""',)",1,1.0,0.4080777610189375,1.6496716968091234,393818781.073683
95,"('clear == ""True""',)",1,"('peek_obj_type == ""EmptyObject""', 'push == ""False""')",2,1.0,0.22893972403776325,2.539238980105677,606181218.9263169
96,"('pop == ""False""', 'push == ""False""', 'size == ""0""')",3,"('peek_obj_type == ""EmptyObject""',)",1,1.0,0.22893972403776325,2.539238980105677,606181218.9263169
97,"('peek_obj_type == ""EmptyObject""', 'pop == ""False""', 'size == ""0""')",3,"('push == ""False""',)",1,1.0,0.22893972403776325,2.2173226395813335,549005642.142897
98,"('peek_obj_type == ""EmptyObject""', 'pop == ""False""', 'push == ""False""')",3,"('size == ""0""',)",1,1.0,0.22893972403776325,2.539238980105677,606181218.9263169
99,"('pop == ""False""', 'size == ""0""')",2,"('peek_obj_type == ""EmptyObject""', 'push == ""False""')",2,1.0,0.22893972403776325,2.539238980105677,606181218.9263169
100,"('pop == ""False""', 'push == ""False""')",2,"('peek_obj_type == ""EmptyObject""', 'size == ""0""')",2,1.0,0.22893972403776325,2.539238980105677,606181218.9263169
101,"('peek_obj_type == ""EmptyObject""', 'pop == ""False""')",2,"('push == ""False""', 'size == ""0""')",2,1.0,0.22893972403776325,2.539238980105677,606181218.9263169
102,"('isEmpty == ""True""', 'peek_obj_type == ""EmptyObject""')",2,"('push == ""False""', 'size == ""0""')",2,1.0,0.393818781073683,2.539238980105677,606181218.9263169
103,"('size == ""0""',)",1,"('isEmpty == ""True""', 'peek_obj_type == ""EmptyObject""', 'push == ""False""')",3,1.0,0.393818781073683,2.539238980105677,606181218.9263169
104,"('peek_obj_type == ""EmptyObject""',)",1,"('isEmpty == ""True""', 'push == ""False""', 'size == ""0""')",3,1.0,0.393818781073683,2.539238980105677,606181218.9263169
105,"('isEmpty == ""True""',)",1,"('peek_obj_type == ""EmptyObject""', 'push == ""False""', 'size == ""0""')",3,1.0,0.393818781073683,2.539238980105677,606181218.9263169
106,"('peek_obj_type == ""EmptyObject""', 'push == ""False""', 'size == ""0""')",3,"('isEmpty == ""True""',)",1,1.0,0.393818781073683,2.539238980105677,606181218.9263169
107,"('isEmpty == ""True""', 'push == ""False""', 'size == ""0""')",3,"('peek_obj_type == ""EmptyObject""',)",1,1.0,0.393818781073683,2.539238980105677,606181218.9263169
108,"('isEmpty == ""True""', 'peek_obj_type == ""EmptyObject""', 'size == ""0""')",3,"('push == ""False""',)",1,1.0,0.393818781073683,2.2173226395813335,549005642.142897
109,"('isEmpty == ""True""', 'peek_obj_type == ""EmptyObject""', 'push == ""False""')",3,"('size == ""0""',)",1,1.0,0.393818781073683,2.539238980105677,606181218.9263169
110,"('push == ""False""', 'size == ""0""')",2,"('isEmpty == ""True""', 'peek_obj_type == ""EmptyObject""')",2,1.0,0.393818781073683,2.539238980105677,606181218.9263169
111,"('peek_obj_type == ""EmptyObject""', 'size == ""0""')",2,"('isEmpty == ""True""', 'push == ""False""')",2,1.0,0.393818781073683,2.539238980105677,606181218.9263169
112,"('clear == ""True""', 'isEmpty == ""True""')",2,"('pop == ""False""', 'push == ""False""', 'size == ""0""')",3,1.0,0.22893972403776325,4.367961934972245,771060275.9622366
113,"('clear == ""True""',)",1,"('isEmpty == ""True""', 'pop == ""False""', 'push == ""False""', 'size == ""0""')",4,1.0,0.22893972403776325,4.367961934972245,771060275.9622366
114,"('isEmpty == ""True""', 'pop == ""False""', 'push == ""False""', 'size == ""0""')",4,"('clear == ""True""',)",1,1.0,0.22893972403776325,4.367961934972245,771060275.9622366
115,"('clear == ""True""', 'pop == ""False""', 'push == ""False""', 'size == ""0""')",4,"('isEmpty == ""True""',)",1,1.0,0.22893972403776325,2.539238980105677,606181218.9263169
116,"('clear == ""True""', 'isEmpty == ""True""', 'push == ""False""', 'size == ""0""')",4,"('pop == ""False""',)",1,1.0,0.22893972403776325,1.2854373115036621,222054633.81933963
117,"('clear == ""True""', 'isEmpty == ""True""', 'pop == ""False""', 'size == ""0""')",4,"('push == ""False""',)",1,1.0,0.22893972403776325,2.2173226395813335,549005642.142897
118,"('clear == ""True""', 'isEmpty == ""True""', 'pop == ""False""', 'push == ""False""')",4,"('size == ""0""',)",1,1.0,0.22893972403776325,2.539238980105677,606181218.9263169
119,"('pop == ""False""', 'push == ""False""', 'size == ""0""')",3,"('clear == ""True""', 'isEmpty == ""True""')",2,1.0,0.22893972403776325,4.367961934972245,771060275.9622366
120,"('isEmpty == ""True""', 'pop == ""False""', 'size == ""0""')",3,"('clear == ""True""', 'push == ""False""')",2,1.0,0.22893972403776325,4.367961934972245,771060275.9622366
121,"('pop == ""False""', 'size == ""0""')",2,"('clear == ""True""', 'peek_obj_type == ""EmptyObject""')",2,1.0,0.22893972403776325,4.367961934972245,771060275.9622366
122,"('peek_obj_type == ""EmptyObject""', 'pop == ""False""')",2,"('clear == ""True""', 'size == ""0""')",2,1.0,0.22893972403776325,4.367961934972245,771060275.9622366
123,"('clear == ""True""', 'size == ""0""')",2,"('peek_obj_type == ""EmptyObject""', 'pop == ""False""')",2,1.0,0.22893972403776325,4.367961934972245,771060275.9622366
124,"('clear == ""True""', 'size == ""0""')",2,"('peek_obj_type == ""EmptyObject""',)",1,1.0,0.22893972403776325,2.539238980105677,606181218.9263169
125,"('clear == ""True""', 'peek_obj_type == ""EmptyObject""')",2,"('size == ""0""',)",1,1.0,0.22893972403776325,2.539238980105677,606181218.9263169
126,"('clear == ""True""',)",1,"('peek_obj_type == ""EmptyObject""', 'size == ""0""')",2,1.0,0.22893972403776325,2.539238980105677,606181218.9263169
127,"('push == ""True""',)",1,"('clear == ""False""',)",1,1.0,0.549005642142897,1.2969154697433483,228939724.0377633
128,"('clear == ""True""', 'isEmpty == ""True""', 'size == ""0""')",3,"('peek_obj_type == ""EmptyObject""', 'push == ""False""')",2,1.0,0.22893972403776325,2.539238980105677,606181218.9263169
129,"('clear == ""True""', 'isEmpty == ""True""', 'push == ""False""')",3,"('peek_obj_type == ""EmptyObject""', 'size == ""0""')",2,1.0,0.22893972403776325,2.539238980105677,606181218.9263169
130,"('clear == ""True""', 'isEmpty == ""True""', 'peek_obj_type == ""EmptyObject""')",3,"('push == ""False""', 'size == ""0""')",2,1.0,0.22893972403776325,2.539238980105677,606181218.9263169
131,"('clear == ""True""', 'size == ""0""')",2,"('isEmpty == ""True""', 'peek_obj_type == ""EmptyObject""', 'push == ""False""')",3,1.0,0.22893972403776325,2.539238980105677,606181218.9263169
132,"('clear == ""True""', 'push == ""False""')",2,"('isEmpty == ""True""', 'peek_obj_type == ""EmptyObject""', 'size == ""0""')",3,1.0,0.22893972403776325,2.539238980105677,606181218.9263169
133,"('clear == ""True""', 'peek_obj_type == ""EmptyObject""')",2,"('isEmpty == ""True""', 'push == ""False""', 'size == ""0""')",3,1.0,0.22893972403776325,2.539238980105677,606181218.9263169
134,"('clear == ""True""', 'isEmpty == ""True""')",2,"('peek_obj_type == ""EmptyObject""', 'push == ""False""', 'size == ""0""')",3,1.0,0.22893972403776325,2.539238980105677,606181218.9263169
135,"('clear == ""True""',)",1,"('isEmpty == ""True""', 'peek_obj_type == ""EmptyObject""', 'push == ""False""', 'size == ""0""')",4,1.0,0.22893972403776325,2.539238980105677,606181218.9263169
136,"('clear == ""True""', 'peek_obj_type == ""EmptyObject""', 'push == ""False""', 'size == ""0""')",4,"('isEmpty == ""True""',)",1,1.0,0.22893972403776325,2.539238980105677,606181218.9263169
137,"('clear == ""True""', 'push == ""False""')",2,"('peek_obj_type == ""EmptyObject""',)",1,1.0,0.22893972403776325,2.539238980105677,606181218.9263169
138,"('clear == ""True""', 'peek_obj_type == ""EmptyObject""')",2,"('push == ""False""',)",1,1.0,0.22893972403776325,2.2173226395813335,549005642.142897
139,"('clear == ""True""', 'size == ""0""')",2,"('isEmpty == ""True""',)",1,1.0,0.22893972403776325,2.539238980105677,606181218.9263169
140,"('clear == ""True""', 'isEmpty == ""True""')",2,"('size == ""0""',)",1,1.0,0.22893972403776325,2.539238980105677,606181218.9263169
141,"('isEmpty == ""False""', 'size == ""1""')",2,"('clear == ""False""',)",1,1.0,0.4080777610189375,1.2969154697433483,228939724.0377633
142,"('clear == ""False""', 'size == ""1""')",2,"('isEmpty == ""False""',)",1,1.0,0.4080777610189375,1.6496716968091234,393818781.073683
143,"('size == ""1""',)",1,"('clear == ""False""', 'isEmpty == ""False""')",2,1.0,0.4080777610189375,1.6496716968091234,393818781.073683
144,"('clear == ""True""',)",1,"('isEmpty == ""True""', 'size == ""0""')",2,1.0,0.22893972403776325,2.539238980105677,606181218.9263169
145,"('pop == ""False""', 'size == ""0""')",2,"('clear == ""True""',)",1,1.0,0.22893972403776325,4.367961934972245,771060275.9622366
146,"('clear == ""True""', 'size == ""0""')",2,"('pop == ""False""',)",1,1.0,0.22893972403776325,1.2854373115036621,222054633.81933963
147,"('clear == ""True""', 'pop == ""False""')",2,"('size == ""0""',)",1,1.0,0.22893972403776325,2.539238980105677,606181218.9263169
148,"('clear == ""True""',)",1,"('pop == ""False""', 'size == ""0""')",2,1.0,0.22893972403776325,4.367961934972245,771060275.9622366
149,"('peek_obj_type == ""class java.lang.Float""', 'push == ""True""')",2,"('pop == ""False""',)",1,1.0,0.2067621920563097,1.2854373115036621,222054633.81933963
150,"('peek_obj_type == ""class java.lang.Float""', 'pop == ""False""')",2,"('push == ""True""',)",1,1.0,0.2067621920563097,1.8214749052428072,450994357.85710293
151,"('clear == ""True""',)",1,"('isEmpty == ""True""',)",1,1.0,0.22893972403776325,2.539238980105677,606181218.9263169
152,"('isEmpty == ""False""', 'peek_obj_type == ""class java.lang.Float""', 'pop == ""False""')",3,"('clear == ""False""',)",1,1.0,0.2067621920563097,1.296915469743348,228939724.0377633
153,"('clear == ""False""', 'peek_obj_type == ""class java.lang.Float""', 'pop == ""False""')",3,"('isEmpty == ""False""',)",1,1.0,0.2067621920563097,1.6496716968091234,393818781.073683
154,"('peek_obj_type == ""class java.lang.Float""', 'pop == ""False""')",2,"('clear == ""False""', 'isEmpty == ""False""')",2,1.0,0.2067621920563097,1.6496716968091234,393818781.073683
155,"('clear == ""True""', 'peek_obj_type == ""EmptyObject""', 'pop == ""False""', 'push == ""False""')",4,"('isEmpty == ""True""', 'size == ""0""')",2,1.0,0.22893972403776325,2.539238980105677,606181218.9263169
156,"('clear == ""True""', 'isEmpty == ""True""', 'push == ""False""', 'size == ""0""')",4,"('peek_obj_type == ""EmptyObject""', 'pop == ""False""')",2,1.0,0.22893972403776325,4.367961934972245,771060275.9622366
157,"('clear == ""True""', 'isEmpty == ""True""', 'pop == ""False""', 'size == ""0""')",4,"('peek_obj_type == ""EmptyObject""', 'push == ""False""')",2,1.0,0.22893972403776325,2.539238980105677,606181218.9263169
158,"('clear == ""True""', 'isEmpty == ""True""', 'pop == ""False""', 'push == ""False""')",4,"('peek_obj_type == ""EmptyObject""', 'size == ""0""')",2,1.0,0.22893972403776325,2.539238980105677,606181218.9263169
159,"('clear == ""True""', 'isEmpty == ""True""', 'peek_obj_type == ""EmptyObject""', 'size == ""0""')",4,"('pop == ""False""', 'push == ""False""')",2,1.0,0.22893972403776325,4.367961934972245,771060275.9622366
160,"('clear == ""True""', 'isEmpty == ""True""', 'peek_obj_type == ""EmptyObject""', 'push == ""False""')",4,"('pop == ""False""', 'size == ""0""')",2,1.0,0.22893972403776325,4.367961934972245,771060275.9622366
161,"('isEmpty == ""True""', 'peek_obj_type == ""EmptyObject""', 'pop == ""False""', 'push == ""False""', 'size == ""0""')",5,"('clear == ""True""',)",1,1.0,0.22893972403776325,4.367961934972245,771060275.9622366
162,"('peek_obj_type == ""class java.lang.Float""', 'pop == ""False""')",2,"('isEmpty == ""False""',)",1,1.0,0.2067621920563097,1.6496716968091234,393818781.073683
163,"('clear == ""True""', 'peek_obj_type == ""EmptyObject""', 'pop == ""False""', 'push == ""False""', 'size == ""0""')",5,"('isEmpty == ""True""',)",1,1.0,0.22893972403776325,2.539238980105677,606181218.9263169
164,"('clear == ""True""', 'isEmpty == ""True""', 'pop == ""False""', 'push == ""False""', 'size == ""0""')",5,"('peek_obj_type == ""EmptyObject""',)",1,1.0,0.22893972403776325,2.539238980105677,606181218.9263169
165,"('pop == ""False""', 'push == ""True""', 'size == ""1""')",3,"('isEmpty == ""False""',)",1,1.0,0.3684710351377018,1.6496716968091234,393818781.073683
166,"('isEmpty == ""False""', 'push == ""True""', 'size == ""1""')",3,"('pop == ""False""',)",1,1.0,0.3684710351377018,1.2854373115036624,222054633.81933963
167,"('isEmpty == ""False""', 'pop == ""False""', 'size == ""1""')",3,"('push == ""True""',)",1,1.0,0.3684710351377018,1.8214749052428074,450994357.85710293
168,"('push == ""True""', 'size == ""1""')",2,"('isEmpty == ""False""', 'pop == ""False""')",2,1.0,0.3684710351377018,1.8214749052428074,450994357.85710293
169,"('pop == ""False""', 'size == ""1""')",2,"('isEmpty == ""False""', 'push == ""True""')",2,1.0,0.3684710351377018,1.8214749052428074,450994357.85710293
170,"('pop == ""True""', 'push == ""False""')",2,"('clear == ""False""',)",1,1.0,0.2220546338193397,1.2969154697433483,228939724.0377633
171,"('clear == ""False""', 'push == ""False""')",2,"('pop == ""True""',)",1,1.0,0.2220546338193397,4.503396226415095,777945366.1806602
172,"('clear == ""False""', 'pop == ""True""')",2,"('push == ""False""',)",1,1.0,0.2220546338193397,2.2173226395813335,549005642.142897
173,"('pop == ""True""',)",1,"('clear == ""False""', 'push == ""False""')",2,1.0,0.2220546338193397,4.503396226415095,777945366.1806602
174,"('pop == ""False""', 'push == ""False""')",2,"('clear == ""True""',)",1,1.0,0.22893972403776325,4.367961934972245,771060275.9622366
175,"('clear == ""True""', 'push == ""False""')",2,"('pop == ""False""',)",1,1.0,0.22893972403776325,1.2854373115036621,222054633.81933963
176,"('clear == ""True""',)",1,"('size == ""0""',)",1,1.0,0.22893972403776325,2.539238980105677,606181218.9263169
177,"('clear == ""True""', 'pop == ""False""')",2,"('push == ""False""',)",1,1.0,0.22893972403776325,2.2173226395813335,549005642.142897
178,"('clear == ""True""',)",1,"('pop == ""False""', 'push == ""False""')",2,1.0,0.22893972403776325,4.367961934972245,771060275.9622366
179,"('clear == ""True""', 'push == ""False""')",2,"('isEmpty == ""True""',)",1,1.0,0.22893972403776325,2.539238980105677,606181218.9263169
180,"('clear == ""True""', 'isEmpty == ""True""')",2,"('push == ""False""',)",1,1.0,0.22893972403776325,2.2173226395813335,549005642.142897
181,"('clear == ""True""',)",1,"('isEmpty == ""True""', 'push == ""False""')",2,1.0,0.22893972403776325,2.539238980105677,606181218.9263169
182,"('isEmpty == ""False""', 'pop == ""False""')",2,"('clear == ""False""',)",1,1.0,0.549005642142897,1.2969154697433483,228939724.0377633
183,"('clear == ""False""', 'pop == ""False""')",2,"('isEmpty == ""False""',)",1,1.0,0.549005642142897,1.6496716968091232,393818781.073683
184,"('isEmpty == ""False""', 'peek_obj_type == ""class java.lang.Float""', 'push == ""True""')",3,"('clear == ""False""',)",1,1.0,0.2067621920563097,1.296915469743348,228939724.0377633
185,"('clear == ""False""', 'peek_obj_type == ""class java.lang.Float""', 'push == ""True""')",3,"('isEmpty == ""False""',)",1,1.0,0.2067621920563097,1.6496716968091234,393818781.073683
186,"('clear == ""True""', 'isEmpty == ""True""', 'push == ""False""', 'size == ""0""')",4,"('peek_obj_type == ""EmptyObject""',)",1,1.0,0.22893972403776325,2.539238980105677,606181218.9263169
187,"('clear == ""True""', 'isEmpty == ""True""', 'peek_obj_type == ""EmptyObject""', 'size == ""0""')",4,"('push == ""False""',)",1,1.0,0.22893972403776325,2.2173226395813335,549005642.142897
188,"('clear == ""True""', 'isEmpty == ""True""', 'peek_obj_type == ""EmptyObject""', 'push == ""False""')",4,"('size == ""0""',)",1,1.0,0.22893972403776325,2.539238980105677,606181218.9263169
189,"('clear == ""True""', 'push == ""False""', 'size == ""0""')",3,"('isEmpty == ""True""', 'peek_obj_type == ""EmptyObject""')",2,1.0,0.22893972403776325,2.539238980105677,606181218.9263169
190,"('clear == ""True""', 'peek_obj_type == ""EmptyObject""', 'size == ""0""')",3,"('isEmpty == ""True""', 'push == ""False""')",2,1.0,0.22893972403776325,2.539238980105677,606181218.9263169
191,"('clear == ""True""', 'peek_obj_type == ""EmptyObject""', 'push == ""False""')",3,"('isEmpty == ""True""', 'size == ""0""')",2,1.0,0.22893972403776325,2.539238980105677,606181218.9263169
192,"('peek_obj_type == ""EmptyObject""',)",1,"('size == ""0""',)",1,1.0,0.393818781073683,2.539238980105677,606181218.9263169
193,"('size == ""0""',)",1,"('peek_obj_type == ""EmptyObject""',)",1,1.0,0.393818781073683,2.539238980105677,606181218.9263169
194,"('peek_obj_type == ""EmptyObject""', 'push == ""False""')",2,"('isEmpty == ""True""',)",1,1.0,0.393818781073683,2.539238980105677,606181218.9263169
195,"('isEmpty == ""True""', 'push == ""False""')",2,"('peek_obj_type == ""EmptyObject""',)",1,1.0,0.393818781073683,2.539238980105677,606181218.9263169
196,"('isEmpty == ""True""', 'peek_obj_type == ""EmptyObject""')",2,"('push == ""False""',)",1,1.0,0.393818781073683,2.2173226395813335,549005642.142897
197,"('peek_obj_type == ""EmptyObject""',)",1,"('isEmpty == ""True""', 'push == ""False""')",2,1.0,0.393818781073683,2.539238980105677,606181218.9263169
198,"('isEmpty == ""True""',)",1,"('peek_obj_type == ""EmptyObject""', 'push == ""False""')",2,1.0,0.393818781073683,2.539238980105677,606181218.9263169
199,"('isEmpty == ""True""',)",1,"('peek_obj_type == ""EmptyObject""', 'size == ""0""')",2,1.0,0.393818781073683,2.539238980105677,606181218.9263169
200,"('peek_obj_type == ""EmptyObject""', 'size == ""0""')",2,"('isEmpty == ""True""',)",1,1.0,0.393818781073683,2.539238980105677,606181218.9263169
201,"('isEmpty == ""True""', 'size == ""0""')",2,"('peek_obj_type == ""EmptyObject""',)",1,1.0,0.393818781073683,2.539238980105677,606181218.9263169
202,"('isEmpty == ""True""', 'peek_obj_type == ""EmptyObject""')",2,"('size == ""0""',)",1,1.0,0.393818781073683,2.539238980105677,606181218.9263169
203,"('size == ""0""',)",1,"('isEmpty == ""True""', 'peek_obj_type == ""EmptyObject""')",2,1.0,0.393818781073683,2.539238980105677,606181218.9263169
204,"('peek_obj_type == ""EmptyObject""',)",1,"('isEmpty == ""True""', 'size == ""0""')",2,1.0,0.393818781073683,2.539238980105677,606181218.9263169
205,"('clear == ""True""', 'size == ""0""')",2,"('push == ""False""',)",1,1.0,0.22893972403776325,2.2173226395813335,549005642.142897
206,"('clear == ""True""', 'push == ""False""')",2,"('size == ""0""',)",1,1.0,0.22893972403776325,2.539238980105677,606181218.9263169
207,"('clear == ""True""',)",1,"('push == ""False""', 'size == ""0""')",2,1.0,0.22893972403776325,2.539238980105677,606181218.9263169
208,"('peek_obj_type == ""EmptyObject""', 'pop == ""False""', 'push == ""False""', 'size == ""0""')",4,"('clear == ""True""',)",1,1.0,0.22893972403776325,4.367961934972245,771060275.9622366
209,"('clear == ""True""', 'pop == ""False""', 'push == ""False""', 'size == ""0""')",4,"('peek_obj_type == ""EmptyObject""',)",1,1.0,0.22893972403776325,2.539238980105677,606181218.9263169
210,"('clear == ""True""', 'peek_obj_type == ""EmptyObject""', 'push == ""False""', 'size == ""0""')",4,"('pop == ""False""',)",1,1.0,0.22893972403776325,1.2854373115036621,222054633.81933963
211,"('clear == ""True""', 'peek_obj_type == ""EmptyObject""', 'pop == ""False""')",3,"('push == ""False""', 'size == ""0""')",2,1.0,0.22893972403776325,2.539238980105677,606181218.9263169
212,"('pop == ""False""', 'size == ""0""')",2,"('clear == ""True""', 'peek_obj_type == ""EmptyObject""', 'push == ""False""')",3,1.0,0.22893972403776325,4.367961934972245,771060275.9622366
213,"('pop == ""False""', 'push == ""False""')",2,"('clear == ""True""', 'peek_obj_type == ""EmptyObject""', 'size == ""0""')",3,1.0,0.22893972403776325,4.367961934972245,771060275.9622366
214,"('peek_obj_type == ""EmptyObject""', 'pop == ""False""')",2,"('clear == ""True""', 'push == ""False""', 'size == ""0""')",3,1.0,0.22893972403776325,4.367961934972245,771060275.9622366
215,"('isEmpty == ""False""', 'peek_obj_type == ""class java.lang.Float""')",2,"('clear == ""False""',)",1,1.0,0.22701245740461426,1.2969154697433483,228939724.0377633
216,"('clear == ""False""', 'peek_obj_type == ""class java.lang.Float""')",2,"('isEmpty == ""False""',)",1,1.0,0.22701245740461426,1.6496716968091234,393818781.073683
217,"('clear == ""True""', 'peek_obj_type == ""EmptyObject""')",2,"('push == ""False""', 'size == ""0""')",2,1.0,0.22893972403776325,2.539238980105677,606181218.9263169
218,"('clear == ""True""',)",1,"('peek_obj_type == ""EmptyObject""', 'push == ""False""', 'size == ""0""')",3,1.0,0.22893972403776325,2.539238980105677,606181218.9263169
219,"('peek_obj_type == ""class java.lang.Float""',)",1,"('clear == ""False""', 'isEmpty == ""False""')",2,1.0,0.22701245740461426,1.6496716968091234,393818781.073683
220,"('pop == ""False""', 'size == ""1""')",2,"('isEmpty == ""False""',)",1,1.0,0.3684710351377018,1.6496716968091234,393818781.073683
221,"('clear == ""True""', 'push == ""False""', 'size == ""0""')",3,"('peek_obj_type == ""EmptyObject""',)",1,1.0,0.22893972403776325,2.539238980105677,606181218.9263169
222,"('clear == ""True""', 'peek_obj_type == ""EmptyObject""', 'size == ""0""')",3,"('push == ""False""',)",1,1.0,0.22893972403776325,2.2173226395813335,549005642.142897
223,"('isEmpty == ""False""', 'push == ""True""', 'size == ""1""')",3,"('clear == ""False""',)",1,1.0,0.3684710351377018,1.2969154697433483,228939724.0377633
224,"('clear == ""False""', 'push == ""True""', 'size == ""1""')",3,"('isEmpty == ""False""',)",1,1.0,0.3684710351377018,1.6496716968091234,393818781.073683
225,"('push == ""True""', 'size == ""1""')",2,"('clear == ""False""', 'isEmpty == ""False""')",2,1.0,0.3684710351377018,1.6496716968091234,393818781.073683
226,"('clear == ""True""', 'peek_obj_type == ""EmptyObject""', 'push == ""False""')",3,"('size == ""0""',)",1,1.0,0.22893972403776325,2.539238980105677,606181218.9263169
227,"('clear == ""True""', 'isEmpty == ""True""', 'peek_obj_type == ""EmptyObject""', 'pop == ""False""')",4,"('push == ""False""', 'size == ""0""')",2,1.0,0.22893972403776325,2.539238980105677,606181218.9263169
228,"('pop == ""False""', 'push == ""False""', 'size == ""0""')",3,"('clear == ""True""', 'isEmpty == ""True""', 'peek_obj_type == ""EmptyObject""')",3,1.0,0.22893972403776325,4.367961934972245,771060275.9622366
229,"('peek_obj_type == ""EmptyObject""', 'pop == ""False""', 'size == ""0""')",3,"('clear == ""True""', 'isEmpty == ""True""', 'push == ""False""')",3,1.0,0.22893972403776325,4.367961934972245,771060275.9622366
230,"('peek_obj_type == ""EmptyObject""', 'pop == ""False""', 'push == ""False""')",3,"('clear == ""True""', 'isEmpty == ""True""', 'size == ""0""')",3,1.0,0.22893972403776325,4.367961934972245,771060275.9622366
231,"('isEmpty == ""True""', 'pop == ""False""', 'size == ""0""')",3,"('clear == ""True""', 'peek_obj_type == ""EmptyObject""', 'push == ""False""')",3,1.0,0.22893972403776325,4.367961934972245,771060275.9622366
232,"('isEmpty == ""True""', 'pop == ""False""', 'push == ""False""')",3,"('clear == ""True""', 'peek_obj_type == ""EmptyObject""', 'size == ""0""')",3,1.0,0.22893972403776325,4.367961934972245,771060275.9622366
233,"('isEmpty == ""True""', 'peek_obj_type == ""EmptyObject""', 'pop == ""False""')",3,"('clear == ""True""', 'push == ""False""', 'size == ""0""')",3,1.0,0.22893972403776325,4.367961934972245,771060275.9622366
234,"('clear == ""True""', 'pop == ""False""', 'push == ""False""', 'size == ""0""')",4,"('isEmpty == ""True""', 'peek_obj_type == ""EmptyObject""')",2,1.0,0.22893972403776325,2.539238980105677,606181218.9263169
235,"('clear == ""True""', 'peek_obj_type == ""EmptyObject""', 'push == ""False""', 'size == ""0""')",4,"('isEmpty == ""True""', 'pop == ""False""')",2,1.0,0.22893972403776325,4.367961934972245,771060275.9622366
236,"('clear == ""True""', 'peek_obj_type == ""EmptyObject""', 'pop == ""False""', 'size == ""0""')",4,"('isEmpty == ""True""', 'push == ""False""')",2,1.0,0.22893972403776325,2.539238980105677,606181218.9263169
237,"('clear == ""True""', 'isEmpty == ""True""')",2,"('peek_obj_type == ""EmptyObject""', 'pop == ""False""', 'push == ""False""')",3,1.0,0.22893972403776325,4.367961934972245,771060275.9622366
238,"('clear == ""True""',)",1,"('isEmpty == ""True""', 'peek_obj_type == ""EmptyObject""', 'pop == ""False""', 'push == ""False""')",4,1.0,0.22893972403776325,4.367961934972245,771060275.9622366
239,"('isEmpty == ""True""', 'peek_obj_type == ""EmptyObject""', 'pop == ""False""', 'push == ""False""')",4,"('clear == ""True""',)",1,1.0,0.22893972403776325,4.367961934972245,771060275.9622366
240,"('isEmpty == ""False""', 'pop == ""False""', 'push == ""True""')",3,"('clear == ""False""',)",1,1.0,0.549005642142897,1.2969154697433483,228939724.0377633
241,"('clear == ""False""', 'pop == ""False""', 'push == ""True""')",3,"('isEmpty == ""False""',)",1,1.0,0.549005642142897,1.6496716968091232,393818781.073683
242,"('clear == ""False""', 'isEmpty == ""False""', 'push == ""True""')",3,"('pop == ""False""',)",1,1.0,0.549005642142897,1.2854373115036621,222054633.81933963
243,"('clear == ""False""', 'isEmpty == ""False""', 'pop == ""False""')",3,"('push == ""True""',)",1,1.0,0.549005642142897,1.8214749052428074,450994357.85710293
244,"('pop == ""False""', 'push == ""True""')",2,"('clear == ""False""', 'isEmpty == ""False""')",2,1.0,0.549005642142897,1.6496716968091232,393818781.073683
245,"('isEmpty == ""False""', 'push == ""True""')",2,"('clear == ""False""', 'pop == ""False""')",2,1.0,0.549005642142897,1.8214749052428074,450994357.85710293
246,"('isEmpty == ""False""', 'pop == ""False""')",2,"('clear == ""False""', 'push == ""True""')",2,1.0,0.549005642142897,1.8214749052428074,450994357.85710293
247,"('clear == ""False""', 'push == ""True""')",2,"('isEmpty == ""False""', 'pop == ""False""')",2,1.0,0.549005642142897,1.8214749052428074,450994357.85710293
248,"('clear == ""False""', 'pop == ""False""')",2,"('isEmpty == ""False""', 'push == ""True""')",2,1.0,0.549005642142897,1.8214749052428074,450994357.85710293
249,"('push == ""True""',)",1,"('clear == ""False""', 'isEmpty == ""False""', 'pop == ""False""')",3,1.0,0.549005642142897,1.8214749052428074,450994357.85710293
250,"('pop == ""False""', 'push == ""False""', 'size == ""0""')",3,"('clear == ""True""',)",1,1.0,0.22893972403776325,4.367961934972245,771060275.9622366
251,"('clear == ""True""', 'push == ""False""', 'size == ""0""')",3,"('pop == ""False""',)",1,1.0,0.22893972403776325,1.2854373115036621,222054633.81933963
252,"('clear == ""True""', 'pop == ""False""', 'size == ""0""')",3,"('push == ""False""',)",1,1.0,0.22893972403776325,2.2173226395813335,549005642.142897
253,"('clear == ""True""', 'pop == ""False""', 'push == ""False""')",3,"('size == ""0""',)",1,1.0,0.22893972403776325,2.539238980105677,606181218.9263169
254,"('pop == ""False""', 'size == ""0""')",2,"('clear == ""True""', 'push == ""False""')",2,1.0,0.22893972403776325,4.367961934972245,771060275.9622366
255,"('pop == ""False""', 'push == ""False""')",2,"('clear == ""True""', 'size == ""0""')",2,1.0,0.22893972403776325,4.367961934972245,771060275.9622366
256,"('clear == ""True""', 'size == ""0""')",2,"('pop == ""False""', 'push == ""False""')",2,1.0,0.22893972403776325,4.367961934972245,771060275.9622366
257,"('clear == ""True""', 'push == ""False""')",2,"('pop == ""False""', 'size == ""0""')",2,1.0,0.22893972403776325,4.367961934972245,771060275.9622366
258,"('clear == ""True""', 'pop == ""False""')",2,"('push == ""False""', 'size == ""0""')",2,1.0,0.22893972403776325,2.539238980105677,606181218.9263169
259,"('clear == ""True""',)",1,"('pop == ""False""', 'push == ""False""', 'size == ""0""')",3,1.0,0.22893972403776325,4.367961934972245,771060275.9622366
260,"('peek_obj_type == ""EmptyObject""', 'pop == ""False""')",2,"('isEmpty == ""True""',)",1,1.0,0.22893972403776325,2.539238980105677,606181218.9263169
261,"('isEmpty == ""True""', 'pop == ""False""')",2,"('peek_obj_type == ""EmptyObject""',)",1,1.0,0.22893972403776325,2.539238980105677,606181218.9263169
262,"('isEmpty == ""True""', 'pop == ""False""')",2,"('push == ""False""', 'size == ""0""')",2,1.0,0.22893972403776325,2.539238980105677,606181218.9263169
263,"('pop == ""False""', 'push == ""False""', 'size == ""0""')",3,"('isEmpty == ""True""',)",1,1.0,0.22893972403776325,2.539238980105677,606181218.9263169
264,"('isEmpty == ""True""', 'pop == ""False""', 'size == ""0""')",3,"('push == ""False""',)",1,1.0,0.22893972403776325,2.2173226395813335,549005642.142897
265,"('isEmpty == ""True""', 'pop == ""False""', 'push == ""False""')",3,"('size == ""0""',)",1,1.0,0.22893972403776325,2.539238980105677,606181218.9263169
266,"('pop == ""False""', 'size == ""0""')",2,"('isEmpty == ""True""', 'push == ""False""')",2,1.0,0.22893972403776325,2.539238980105677,606181218.9263169
267,"('pop == ""False""', 'push == ""False""')",2,"('isEmpty == ""True""', 'size == ""0""')",2,1.0,0.22893972403776325,2.539238980105677,606181218.9263169
268,"('clear == ""True""', 'pop == ""False""', 'size == ""0""')",3,"('isEmpty == ""True""',)",1,1.0,0.22893972403776325,2.539238980105677,606181218.9263169
269,"('clear == ""True""', 'isEmpty == ""True""', 'size == ""0""')",3,"('pop == ""False""',)",1,1.0,0.22893972403776325,1.2854373115036621,222054633.81933963
270,"('clear == ""True""', 'isEmpty == ""True""', 'pop == ""False""')",3,"('size == ""0""',)",1,1.0,0.22893972403776325,2.539238980105677,606181218.9263169
271,"('peek_obj_type == ""EmptyObject""', 'push == ""False""')",2,"('isEmpty == ""True""', 'size == ""0""')",2,1.0,0.393818781073683,2.539238980105677,606181218.9263169
272,"('isEmpty == ""True""', 'size == ""0""')",2,"('peek_obj_type == ""EmptyObject""', 'push == ""False""')",2,1.0,0.393818781073683,2.539238980105677,606181218.9263169
273,"('isEmpty == ""True""', 'push == ""False""')",2,"('peek_obj_type == ""EmptyObject""', 'size == ""0""')",2,1.0,0.393818781073683,2.539238980105677,606181218.9263169
274,"('pop == ""False""', 'size == ""0""')",2,"('push == ""False""',)",1,1.0,0.22893972403776325,2.2173226395813335,549005642.142897
275,"('pop == ""False""', 'push == ""False""')",2,"('size == ""0""',)",1,1.0,0.22893972403776325,2.539238980105677,606181218.9263169
276,"('pop == ""False""', 'size == ""0""')",2,"('clear == ""True""', 'isEmpty == ""True""')",2,1.0,0.22893972403776325,4.367961934972245,771060275.9622366
277,"('isEmpty == ""True""', 'pop == ""False""')",2,"('clear == ""True""', 'size == ""0""')",2,1.0,0.22893972403776325,4.367961934972245,771060275.9622366
278,"('clear == ""True""', 'size == ""0""')",2,"('isEmpty == ""True""', 'pop == ""False""')",2,1.0,0.22893972403776325,4.367961934972245,771060275.9622366
279,"('clear == ""True""', 'pop == ""False""')",2,"('isEmpty == ""True""', 'size == ""0""')",2,1.0,0.22893972403776325,2.539238980105677,606181218.9263169
280,"('clear == ""True""', 'isEmpty == ""True""')",2,"('pop == ""False""', 'size == ""0""')",2,1.0,0.22893972403776325,4.367961934972245,771060275.9622366
281,"('clear == ""True""',)",1,"('isEmpty == ""True""', 'pop == ""False""', 'size == ""0""')",3,1.0,0.22893972403776325,4.367961934972245,771060275.9622366
282,"('isEmpty == ""True""', 'pop == ""False""', 'size == ""0""')",3,"('clear == ""True""',)",1,1.0,0.22893972403776325,4.367961934972245,771060275.9622366
283,"('isEmpty == ""True""', 'pop == ""False""')",2,"('clear == ""True""',)",1,1.0,0.22893972403776325,4.367961934972245,771060275.9622366
284,"('clear == ""True""', 'pop == ""False""')",2,"('isEmpty == ""True""',)",1,1.0,0.22893972403776325,2.539238980105677,606181218.9263169
285,"('clear == ""True""', 'isEmpty == ""True""')",2,"('pop == ""False""',)",1,1.0,0.22893972403776325,1.2854373115036621,222054633.81933963
286,"('clear == ""True""',)",1,"('isEmpty == ""True""', 'pop == ""False""')",2,1.0,0.22893972403776325,4.367961934972245,771060275.9622366
287,"('isEmpty == ""True""',)",1,"('push == ""False""',)",1,1.0,0.393818781073683,2.2173226395813335,549005642.142897
288,"('clear == ""True""',)",1,"('isEmpty == ""True""', 'push == ""False""', 'size == ""0""')",3,1.0,0.22893972403776325,2.539238980105677,606181218.9263169
289,"('isEmpty == ""True""', 'peek_obj_type == ""EmptyObject""', 'pop == ""False""')",3,"('clear == ""True""',)",1,1.0,0.22893972403776325,4.367961934972245,771060275.9622366
290,"('clear == ""True""', 'peek_obj_type == ""EmptyObject""', 'pop == ""False""')",3,"('isEmpty == ""True""',)",1,1.0,0.22893972403776325,2.539238980105677,606181218.9263169
291,"('pop == ""False""', 'size == ""1""')",2,"('clear == ""False""',)",1,1.0,0.3684710351377018,1.2969154697433483,228939724.0377633
292,"('clear == ""True""', 'isEmpty == ""True""', 'pop == ""False""')",3,"('peek_obj_type == ""EmptyObject""',)",1,1.0,0.22893972403776325,2.539238980105677,606181218.9263169
293,"('clear == ""True""', 'isEmpty == ""True""', 'peek_obj_type == ""EmptyObject""')",3,"('pop == ""False""',)",1,1.0,0.22893972403776325,1.2854373115036621,222054633.81933963
294,"('peek_obj_type == ""EmptyObject""', 'pop == ""False""')",2,"('clear == ""True""', 'isEmpty == ""True""')",2,1.0,0.22893972403776325,4.367961934972245,771060275.9622366
295,"('isEmpty == ""True""', 'pop == ""False""')",2,"('clear == ""True""', 'peek_obj_type == ""EmptyObject""')",2,1.0,0.22893972403776325,4.367961934972245,771060275.9622366
296,"('clear == ""True""', 'pop == ""False""')",2,"('isEmpty == ""True""', 'peek_obj_type == ""EmptyObject""')",2,1.0,0.22893972403776325,2.539238980105677,606181218.9263169
297,"('clear == ""True""', 'peek_obj_type == ""EmptyObject""')",2,"('isEmpty == ""True""', 'pop == ""False""')",2,1.0,0.22893972403776325,4.367961934972245,771060275.9622366
298,"('clear == ""True""', 'isEmpty == ""True""')",2,"('peek_obj_type == ""EmptyObject""', 'pop == ""False""')",2,1.0,0.22893972403776325,4.367961934972245,771060275.9622366
299,"('pop == ""False""', 'push == ""True""', 'size == ""1""')",3,"('clear == ""False""',)",1,1.0,0.3684710351377018,1.2969154697433483,228939724.0377633
300,"('clear == ""False""', 'push == ""True""', 'size == ""1""')",3,"('pop == ""False""',)",1,1.0,0.3684710351377018,1.2854373115036624,222054633.81933963
301,"('clear == ""False""', 'pop == ""False""', 'size == ""1""')",3,"('push == ""True""',)",1,1.0,0.3684710351377018,1.8214749052428074,450994357.85710293
302,"('push == ""True""', 'size == ""1""')",2,"('clear == ""False""', 'pop == ""False""')",2,1.0,0.3684710351377018,1.8214749052428074,450994357.85710293
303,"('pop == ""False""', 'size == ""1""')",2,"('clear == ""False""', 'push == ""True""')",2,1.0,0.3684710351377018,1.8214749052428074,450994357.85710293
304,"('peek_obj_type == ""class java.lang.Float""', 'pop == ""False""')",2,"('clear == ""False""',)",1,1.0,0.2067621920563097,1.296915469743348,228939724.0377633
305,"('clear == ""True""', 'size == ""0""')",2,"('isEmpty == ""True""', 'peek_obj_type == ""EmptyObject""', 'pop == ""False""')",3,1.0,0.22893972403776325,4.367961934972245,771060275.9622366
306,"('clear == ""True""', 'pop == ""False""')",2,"('isEmpty == ""True""', 'peek_obj_type == ""EmptyObject""', 'size == ""0""')",3,1.0,0.22893972403776325,2.539238980105677,606181218.9263169
307,"('clear == ""True""', 'peek_obj_type == ""EmptyObject""')",2,"('isEmpty == ""True""', 'pop == ""False""', 'size == ""0""')",3,1.0,0.22893972403776325,4.367961934972245,771060275.9622366
308,"('clear == ""True""', 'isEmpty == ""True""')",2,"('peek_obj_type == ""EmptyObject""', 'pop == ""False""', 'size == ""0""')",3,1.0,0.22893972403776325,4.367961934972245,771060275.9622366
309,"('clear == ""True""',)",1,"('isEmpty == ""True""', 'peek_obj_type == ""EmptyObject""', 'pop == ""False""', 'size == ""0""')",4,1.0,0.22893972403776325,4.367961934972245,771060275.9622366
310,"('clear == ""True""',)",1,"('pop == ""False""',)",1,1.0,0.22893972403776325,1.2854373115036621,222054633.81933963
311,"('size == ""0""',)",1,"('push == ""False""',)",1,1.0,0.393818781073683,2.2173226395813335,549005642.142897
312,"('size == ""1""',)",1,"('clear == ""False""',)",1,1.0,0.4080777610189375,1.2969154697433483,228939724.0377633
313,"('clear == ""True""', 'isEmpty == ""True""', 'pop == ""False""', 'push == ""False""')",4,"('peek_obj_type == ""EmptyObject""',)",1,1.0,0.22893972403776325,2.539238980105677,606181218.9263169
314,"('clear == ""True""', 'isEmpty == ""True""', 'peek_obj_type == ""EmptyObject""', 'push == ""False""')",4,"('pop == ""False""',)",1,1.0,0.22893972403776325,1.2854373115036621,222054633.81933963
315,"('clear == ""True""', 'isEmpty == ""True""', 'peek_obj_type == ""EmptyObject""', 'pop == ""False""')",4,"('push == ""False""',)",1,1.0,0.22893972403776325,2.2173226395813335,549005642.142897
316,"('peek_obj_type == ""EmptyObject""', 'pop == ""False""', 'push == ""False""')",3,"('clear == ""True""', 'isEmpty == ""True""')",2,1.0,0.22893972403776325,4.367961934972245,771060275.9622366
317,"('isEmpty == ""True""', 'pop == ""False""', 'push == ""False""')",3,"('clear == ""True""', 'peek_obj_type == ""EmptyObject""')",2,1.0,0.22893972403776325,4.367961934972245,771060275.9622366
318,"('isEmpty == ""True""', 'peek_obj_type == ""EmptyObject""', 'pop == ""False""')",3,"('clear == ""True""', 'push == ""False""')",2,1.0,0.22893972403776325,4.367961934972245,771060275.9622366
319,"('clear == ""True""', 'pop == ""False""', 'push == ""False""')",3,"('isEmpty == ""True""', 'peek_obj_type == ""EmptyObject""')",2,1.0,0.22893972403776325,2.539238980105677,606181218.9263169
320,"('clear == ""True""', 'peek_obj_type == ""EmptyObject""', 'push == ""False""')",3,"('isEmpty == ""True""', 'pop == ""False""')",2,1.0,0.22893972403776325,4.367961934972245,771060275.9622366
321,"('clear == ""True""', 'peek_obj_type == ""EmptyObject""', 'pop == ""False""')",3,"('isEmpty == ""True""', 'push == ""False""')",2,1.0,0.22893972403776325,2.539238980105677,606181218.9263169
322,"('clear == ""True""', 'isEmpty == ""True""', 'push == ""False""')",3,"('peek_obj_type == ""EmptyObject""', 'pop == ""False""')",2,1.0,0.22893972403776325,4.367961934972245,771060275.9622366
323,"('clear == ""True""', 'peek_obj_type == ""EmptyObject""')",2,"('isEmpty == ""True""',)",1,1.0,0.22893972403776325,2.539238980105677,606181218.9263169
324,"('clear == ""True""', 'isEmpty == ""True""')",2,"('peek_obj_type == ""EmptyObject""',)",1,1.0,0.22893972403776325,2.539238980105677,606181218.9263169
325,"('clear == ""True""',)",1,"('isEmpty == ""True""', 'peek_obj_type == ""EmptyObject""')",2,1.0,0.22893972403776325,2.539238980105677,606181218.9263169
326,"('push == ""True""',)",1,"('isEmpty == ""False""',)",1,1.0,0.549005642142897,1.6496716968091232,393818781.073683
327,"('clear == ""True""', 'push == ""False""')",2,"('peek_obj_type == ""EmptyObject""', 'pop == ""False""')",2,1.0,0.22893972403776325,4.367961934972245,771060275.9622366
328,"('clear == ""True""', 'pop == ""False""')",2,"('peek_obj_type == ""EmptyObject""', 'push == ""False""')",2,1.0,0.22893972403776325,2.539238980105677,606181218.9263169
329,"('clear == ""True""', 'peek_obj_type == ""EmptyObject""')",2,"('pop == ""False""', 'push == ""False""')",2,1.0,0.22893972403776325,4.367961934972245,771060275.9622366
330,"('clear == ""True""',)",1,"('peek_obj_type == ""EmptyObject""', 'pop == ""False""', 'push == ""False""')",3,1.0,0.22893972403776325,4.367961934972245,771060275.9622366
331,"('peek_obj_type == ""EmptyObject""', 'pop == ""False""', 'push == ""False""')",3,"('clear == ""True""',)",1,1.0,0.22893972403776325,4.367961934972245,771060275.9622366
332,"('isEmpty == ""True""', 'pop == ""False""', 'push == ""False""')",3,"('clear == ""True""', 'size == ""0""')",2,1.0,0.22893972403776325,4.367961934972245,771060275.9622366
333,"('clear == ""True""', 'push == ""False""', 'size == ""0""')",3,"('isEmpty == ""True""', 'pop == ""False""')",2,1.0,0.22893972403776325,4.367961934972245,771060275.9622366
334,"('clear == ""True""', 'pop == ""False""', 'size == ""0""')",3,"('isEmpty == ""True""', 'push == ""False""')",2,1.0,0.22893972403776325,2.539238980105677,606181218.9263169
335,"('clear == ""True""', 'pop == ""False""', 'push == ""False""')",3,"('peek_obj_type == ""EmptyObject""',)",1,1.0,0.22893972403776325,2.539238980105677,606181218.9263169
336,"('clear == ""True""', 'peek_obj_type == ""EmptyObject""', 'push == ""False""')",3,"('pop == ""False""',)",1,1.0,0.22893972403776325,1.2854373115036621,222054633.81933963
337,"('clear == ""True""',)",1,"('isEmpty == ""True""', 'peek_obj_type == ""EmptyObject""', 'pop == ""False""', 'push == ""False""', 'size == ""0""')",5,1.0,0.22893972403776325,4.367961934972245,771060275.9622366
338,"('clear == ""True""', 'push == ""False""', 'size == ""0""')",3,"('isEmpty == ""True""', 'peek_obj_type == ""EmptyObject""', 'pop == ""False""')",3,1.0,0.22893972403776325,4.367961934972245,771060275.9622366
339,"('clear == ""True""', 'pop == ""False""', 'size == ""0""')",3,"('isEmpty == ""True""', 'peek_obj_type == ""EmptyObject""', 'push == ""False""')",3,1.0,0.22893972403776325,2.539238980105677,606181218.9263169
340,"('clear == ""True""', 'pop == ""False""', 'push == ""False""')",3,"('isEmpty == ""True""', 'peek_obj_type == ""EmptyObject""', 'size == ""0""')",3,1.0,0.22893972403776325,2.539238980105677,606181218.9263169
341,"('clear == ""True""', 'peek_obj_type == ""EmptyObject""', 'size == ""0""')",3,"('isEmpty == ""True""', 'pop == ""False""', 'push == ""False""')",3,1.0,0.22893972403776325,4.367961934972245,771060275.9622366
342,"('clear == ""True""', 'peek_obj_type == ""EmptyObject""', 'push == ""False""')",3,"('isEmpty == ""True""', 'pop == ""False""', 'size == ""0""')",3,1.0,0.22893972403776325,4.367961934972245,771060275.9622366
343,"('clear == ""True""', 'peek_obj_type == ""EmptyObject""', 'pop == ""False""')",3,"('isEmpty == ""True""', 'push == ""False""', 'size == ""0""')",3,1.0,0.22893972403776325,2.539238980105677,606181218.9263169
344,"('clear == ""True""', 'isEmpty == ""True""', 'size == ""0""')",3,"('peek_obj_type == ""EmptyObject""', 'pop == ""False""', 'push == ""False""')",3,1.0,0.22893972403776325,4.367961934972245,771060275.9622366
345,"('clear == ""True""', 'isEmpty == ""True""', 'push == ""False""')",3,"('peek_obj_type == ""EmptyObject""', 'pop == ""False""', 'size == ""0""')",3,1.0,0.22893972403776325,4.367961934972245,771060275.9622366
346,"('clear == ""True""', 'isEmpty == ""True""', 'pop == ""False""')",3,"('peek_obj_type == ""EmptyObject""', 'push == ""False""', 'size == ""0""')",3,1.0,0.22893972403776325,2.539238980105677,606181218.9263169
347,"('isEmpty == ""True""', 'push == ""False""')",2,"('size == ""0""',)",1,1.0,0.393818781073683,2.539238980105677,606181218.9263169
348,"('peek_obj_type == ""EmptyObject""', 'pop == ""False""', 'size == ""0""')",3,"('isEmpty == ""True""',)",1,1.0,0.22893972403776325,2.539238980105677,606181218.9263169
349,"('isEmpty == ""True""', 'pop == ""False""', 'size == ""0""')",3,"('peek_obj_type == ""EmptyObject""',)",1,1.0,0.22893972403776325,2.539238980105677,606181218.9263169
350,"('isEmpty == ""True""', 'peek_obj_type == ""EmptyObject""', 'pop == ""False""')",3,"('size == ""0""',)",1,1.0,0.22893972403776325,2.539238980105677,606181218.9263169
351,"('pop == ""False""', 'size == ""0""')",2,"('isEmpty == ""True""', 'peek_obj_type == ""EmptyObject""')",2,1.0,0.22893972403776325,2.539238980105677,606181218.9263169
352,"('peek_obj_type == ""EmptyObject""', 'pop == ""False""')",2,"('isEmpty == ""True""', 'size == ""0""')",2,1.0,0.22893972403776325,2.539238980105677,606181218.9263169
353,"('isEmpty == ""True""', 'pop == ""False""')",2,"('peek_obj_type == ""EmptyObject""', 'size == ""0""')",2,1.0,0.22893972403776325,2.539238980105677,606181218.9263169
354,"('size == ""0""',)",1,"('isEmpty == ""True""', 'push == ""False""')",2,1.0,0.393818781073683,2.539238980105677,606181218.9263169
355,"('isEmpty == ""True""',)",1,"('push == ""False""', 'size == ""0""')",2,1.0,0.393818781073683,2.539238980105677,606181218.9263169
356,"('push == ""False""', 'size == ""0""')",2,"('isEmpty == ""True""',)",1,1.0,0.393818781073683,2.539238980105677,606181218.9263169
357,"('isEmpty == ""True""', 'size == ""0""')",2,"('push == ""False""',)",1,1.0,0.393818781073683,2.2173226395813335,549005642.142897
358,"('isEmpty == ""True""', 'peek_obj_type == ""EmptyObject""', 'pop == ""False""')",3,"('clear == ""True""', 'size == ""0""')",2,1.0,0.22893972403776325,4.367961934972245,771060275.9622366
359,"('clear == ""True""', 'pop == ""False""', 'size == ""0""')",3,"('isEmpty == ""True""', 'peek_obj_type == ""EmptyObject""')",2,1.0,0.22893972403776325,2.539238980105677,606181218.9263169
360,"('clear == ""True""', 'peek_obj_type == ""EmptyObject""', 'size == ""0""')",3,"('isEmpty == ""True""', 'pop == ""False""')",2,1.0,0.22893972403776325,4.367961934972245,771060275.9622366
361,"('clear == ""True""', 'peek_obj_type == ""EmptyObject""', 'pop == ""False""')",3,"('isEmpty == ""True""', 'size == ""0""')",2,1.0,0.22893972403776325,2.539238980105677,606181218.9263169
362,"('clear == ""True""', 'isEmpty == ""True""', 'size == ""0""')",3,"('peek_obj_type == ""EmptyObject""', 'pop == ""False""')",2,1.0,0.22893972403776325,4.367961934972245,771060275.9622366
363,"('clear == ""True""', 'isEmpty == ""True""', 'pop == ""False""')",3,"('peek_obj_type == ""EmptyObject""', 'size == ""0""')",2,1.0,0.22893972403776325,2.539238980105677,606181218.9263169
364,"('clear == ""True""', 'isEmpty == ""True""', 'peek_obj_type == ""EmptyObject""')",3,"('pop == ""False""', 'size == ""0""')",2,1.0,0.22893972403776325,4.367961934972245,771060275.9622366
365,"('pop == ""False""', 'size == ""0""')",2,"('clear == ""True""', 'isEmpty == ""True""', 'peek_obj_type == ""EmptyObject""')",3,1.0,0.22893972403776325,4.367961934972245,771060275.9622366
366,"('peek_obj_type == ""EmptyObject""', 'pop == ""False""')",2,"('clear == ""True""', 'isEmpty == ""True""', 'size == ""0""')",3,1.0,0.22893972403776325,4.367961934972245,771060275.9622366
367,"('isEmpty == ""True""', 'pop == ""False""')",2,"('clear == ""True""', 'peek_obj_type == ""EmptyObject""', 'size == ""0""')",3,1.0,0.22893972403776325,4.367961934972245,771060275.9622366
368,"('pop == ""False""', 'size == ""1""')",2,"('clear == ""False""', 'isEmpty == ""False""', 'push == ""True""')",3,1.0,0.3684710351377018,1.8214749052428074,450994357.85710293
369,"('pop == ""False""', 'size == ""0""')",2,"('peek_obj_type == ""EmptyObject""',)",1,1.0,0.22893972403776325,2.539238980105677,606181218.9263169
370,"('peek_obj_type == ""class java.lang.Float""', 'push == ""True""')",2,"('isEmpty == ""False""',)",1,1.0,0.2067621920563097,1.6496716968091234,393818781.073683
371,"('peek_obj_type == ""EmptyObject""',)",1,"('push == ""False""',)",1,1.0,0.393818781073683,2.2173226395813335,549005642.142897
372,"('peek_obj_type == ""EmptyObject""', 'pop == ""False""')",2,"('size == ""0""',)",1,1.0,0.22893972403776325,2.539238980105677,606181218.9263169
373,"('clear == ""True""', 'size == ""0""')",2,"('peek_obj_type == ""EmptyObject""', 'pop == ""False""', 'push == ""False""')",3,1.0,0.22893972403776325,4.367961934972245,771060275.9622366
374,"('clear == ""True""', 'push == ""False""')",2,"('peek_obj_type == ""EmptyObject""', 'pop == ""False""', 'size == ""0""')",3,1.0,0.22893972403776325,4.367961934972245,771060275.9622366
375,"('clear == ""True""', 'pop == ""False""')",2,"('peek_obj_type == ""EmptyObject""', 'push == ""False""', 'size == ""0""')",3,1.0,0.22893972403776325,2.539238980105677,606181218.9263169
376,"('clear == ""True""', 'peek_obj_type == ""EmptyObject""')",2,"('pop == ""False""', 'push == ""False""', 'size == ""0""')",3,1.0,0.22893972403776325,4.367961934972245,771060275.9622366
377,"('clear == ""True""',)",1,"('peek_obj_type == ""EmptyObject""', 'pop == ""False""', 'push == ""False""', 'size == ""0""')",4,1.0,0.22893972403776325,4.367961934972245,771060275.9622366
378,"('pop == ""False""', 'push == ""False""')",2,"('peek_obj_type == ""EmptyObject""',)",1,1.0,0.22893972403776325,2.539238980105677,606181218.9263169
379,"('isEmpty == ""True""', 'peek_obj_type == ""EmptyObject""', 'pop == ""False""')",3,"('push == ""False""', 'size == ""0""')",2,1.0,0.22893972403776325,2.539238980105677,606181218.9263169
380,"('pop == ""False""', 'size == ""0""')",2,"('isEmpty == ""True""', 'peek_obj_type == ""EmptyObject""', 'push == ""False""')",3,1.0,0.22893972403776325,2.539238980105677,606181218.9263169
381,"('pop == ""False""', 'push == ""False""')",2,"('isEmpty == ""True""', 'peek_obj_type == ""EmptyObject""', 'size == ""0""')",3,1.0,0.22893972403776325,2.539238980105677,606181218.9263169
382,"('peek_obj_type == ""EmptyObject""', 'pop == ""False""')",2,"('isEmpty == ""True""', 'push == ""False""', 'size == ""0""')",3,1.0,0.22893972403776325,2.539238980105677,606181218.9263169
383,"('isEmpty == ""True""', 'pop == ""False""')",2,"('peek_obj_type == ""EmptyObject""', 'push == ""False""', 'size == ""0""')",3,1.0,0.22893972403776325,2.539238980105677,606181218.9263169
384,"('peek_obj_type == ""EmptyObject""', 'pop == ""False""')",2,"('push == ""False""',)",1,1.0,0.22893972403776325,2.2173226395813335,549005642.142897
385,"('peek_obj_type == ""EmptyObject""', 'pop == ""False""', 'push == ""False""', 'size == ""0""')",4,"('isEmpty == ""True""',)",1,1.0,0.22893972403776325,2.539238980105677,606181218.9263169
386,"('isEmpty == ""True""', 'pop == ""False""', 'push == ""False""', 'size == ""0""')",4,"('peek_obj_type == ""EmptyObject""',)",1,1.0,0.22893972403776325,2.539238980105677,606181218.9263169
387,"('isEmpty == ""True""', 'peek_obj_type == ""EmptyObject""', 'pop == ""False""', 'size == ""0""')",4,"('push == ""False""',)",1,1.0,0.22893972403776325,2.2173226395813335,549005642.142897
388,"('peek_obj_type == ""class java.lang.Float""',)",1,"('clear == ""False""',)",1,1.0,0.22701245740461426,1.2969154697433483,228939724.0377633
389,"('isEmpty == ""False""', 'pop == ""False""', 'push == ""True""', 'size == ""1""')",4,"('clear == ""False""',)",1,1.0,0.3684710351377018,1.2969154697433483,228939724.0377633
390,"('isEmpty == ""True""', 'peek_obj_type == ""EmptyObject""', 'pop == ""False""', 'push == ""False""')",4,"('size == ""0""',)",1,1.0,0.22893972403776325,2.539238980105677,606181218.9263169
391,"('pop == ""False""', 'push == ""False""', 'size == ""0""')",3,"('isEmpty == ""True""', 'peek_obj_type == ""EmptyObject""')",2,1.0,0.22893972403776325,2.539238980105677,606181218.9263169
392,"('clear == ""True""', 'peek_obj_type == ""EmptyObject""', 'pop == ""False""', 'size == ""0""')",4,"('push == ""False""',)",1,1.0,0.22893972403776325,2.2173226395813335,549005642.142897
393,"('clear == ""True""', 'peek_obj_type == ""EmptyObject""', 'pop == ""False""', 'push == ""False""')",4,"('size == ""0""',)",1,1.0,0.22893972403776325,2.539238980105677,606181218.9263169
394,"('pop == ""False""', 'push == ""False""', 'size == ""0""')",3,"('clear == ""True""', 'peek_obj_type == ""EmptyObject""')",2,1.0,0.22893972403776325,4.367961934972245,771060275.9622366
395,"('peek_obj_type == ""EmptyObject""', 'pop == ""False""', 'size == ""0""')",3,"('clear == ""True""', 'push == ""False""')",2,1.0,0.22893972403776325,4.367961934972245,771060275.9622366
396,"('peek_obj_type == ""EmptyObject""', 'pop == ""False""', 'push == ""False""')",3,"('clear == ""True""', 'size == ""0""')",2,1.0,0.22893972403776325,4.367961934972245,771060275.9622366
397,"('clear == ""True""', 'push == ""False""', 'size == ""0""')",3,"('peek_obj_type == ""EmptyObject""', 'pop == ""False""')",2,1.0,0.22893972403776325,4.367961934972245,771060275.9622366
398,"('clear == ""True""', 'pop == ""False""', 'size == ""0""')",3,"('peek_obj_type == ""EmptyObject""', 'push == ""False""')",2,1.0,0.22893972403776325,2.539238980105677,606181218.9263169
399,"('clear == ""True""', 'pop == ""False""', 'push == ""False""')",3,"('peek_obj_type == ""EmptyObject""', 'size == ""0""')",2,1.0,0.22893972403776325,2.539238980105677,606181218.9263169
400,"('clear == ""True""', 'peek_obj_type == ""EmptyObject""', 'size == ""0""')",3,"('pop == ""False""', 'push == ""False""')",2,1.0,0.22893972403776325,4.367961934972245,771060275.9622366
401,"('clear == ""True""', 'peek_obj_type == ""EmptyObject""', 'push == ""False""')",3,"('pop == ""False""', 'size == ""0""')",2,1.0,0.22893972403776325,4.367961934972245,771060275.9622366
402,"('push == ""True""', 'size == ""1""')",2,"('pop == ""False""',)",1,1.0,0.3684710351377018,1.2854373115036624,222054633.81933963
403,"('pop == ""False""', 'size == ""1""')",2,"('push == ""True""',)",1,1.0,0.3684710351377018,1.8214749052428074,450994357.85710293
404,"('clear == ""True""',)",1,"('isEmpty == ""True""', 'pop == ""False""', 'push == ""False""')",3,1.0,0.22893972403776325,4.367961934972245,771060275.9622366
405,"('isEmpty == ""True""', 'pop == ""False""', 'push == ""False""')",3,"('clear == ""True""',)",1,1.0,0.22893972403776325,4.367961934972245,771060275.9622366
406,"('clear == ""True""', 'pop == ""False""', 'push == ""False""')",3,"('isEmpty == ""True""',)",1,1.0,0.22893972403776325,2.539238980105677,606181218.9263169
407,"('clear == ""True""', 'isEmpty == ""True""', 'push == ""False""')",3,"('pop == ""False""',)",1,1.0,0.22893972403776325,1.2854373115036621,222054633.81933963
408,"('clear == ""True""', 'isEmpty == ""True""', 'pop == ""False""')",3,"('push == ""False""',)",1,1.0,0.22893972403776325,2.2173226395813335,549005642.142897
409,"('pop == ""False""', 'push == ""False""')",2,"('clear == ""True""', 'isEmpty == ""True""')",2,1.0,0.22893972403776325,4.367961934972245,771060275.9622366
410,"('isEmpty == ""True""', 'pop == ""False""')",2,"('clear == ""True""', 'push == ""False""')",2,1.0,0.22893972403776325,4.367961934972245,771060275.9622366
411,"('clear == ""True""', 'push == ""False""')",2,"('isEmpty == ""True""', 'pop == ""False""')",2,1.0,0.22893972403776325,4.367961934972245,771060275.9622366
412,"('clear == ""True""', 'pop == ""False""')",2,"('isEmpty == ""True""', 'push == ""False""')",2,1.0,0.22893972403776325,2.539238980105677,606181218.9263169
413,"('clear == ""True""', 'isEmpty == ""True""')",2,"('pop == ""False""', 'push == ""False""')",2,1.0,0.22893972403776325,4.367961934972245,771060275.9622366
414,"('clear == ""True""',)",1,"('push == ""False""',)",1,1.0,0.22893972403776325,2.2173226395813335,549005642.142897
415,"('pop == ""True""',)",1,"('push == ""False""',)",1,1.0,0.2220546338193397,2.2173226395813335,549005642.142897
416,"('clear == ""True""', 'pop == ""False""', 'push == ""False""')",3,"('isEmpty == ""True""', 'size == ""0""')",2,1.0,0.22893972403776325,2.539238980105677,606181218.9263169
417,"('clear == ""True""', 'isEmpty == ""True""', 'size == ""0""')",3,"('pop == ""False""', 'push == ""False""')",2,1.0,0.22893972403776325,4.367961934972245,771060275.9622366
418,"('clear == ""True""', 'isEmpty == ""True""', 'push == ""False""')",3,"('pop == ""False""', 'size == ""0""')",2,1.0,0.22893972403776325,4.367961934972245,771060275.9622366
419,"('clear == ""True""', 'isEmpty == ""True""', 'pop == ""False""')",3,"('push == ""False""', 'size == ""0""')",2,1.0,0.22893972403776325,2.539238980105677,606181218.9263169
420,"('pop == ""False""', 'size == ""0""')",2,"('clear == ""True""', 'isEmpty == ""True""', 'push == ""False""')",3,1.0,0.22893972403776325,4.367961934972245,771060275.9622366
421,"('pop == ""False""', 'push == ""False""')",2,"('clear == ""True""', 'isEmpty == ""True""', 'size == ""0""')",3,1.0,0.22893972403776325,4.367961934972245,771060275.9622366
422,"('isEmpty == ""True""', 'pop == ""False""')",2,"('clear == ""True""', 'push == ""False""', 'size == ""0""')",3,1.0,0.22893972403776325,4.367961934972245,771060275.9622366
423,"('clear == ""True""', 'size == ""0""')",2,"('isEmpty == ""True""', 'pop == ""False""', 'push == ""False""')",3,1.0,0.22893972403776325,4.367961934972245,771060275.9622366
424,"('clear == ""True""', 'push == ""False""')",2,"('isEmpty == ""True""', 'pop == ""False""', 'size == ""0""')",3,1.0,0.22893972403776325,4.367961934972245,771060275.9622366
425,"('clear == ""True""', 'pop == ""False""')",2,"('isEmpty == ""True""', 'push == ""False""', 'size == ""0""')",3,1.0,0.22893972403776325,2.539238980105677,606181218.9263169
426,"('clear == ""True""', 'pop == ""False""')",2,"('peek_obj_type == ""EmptyObject""', 'size == ""0""')",2,1.0,0.22893972403776325,2.539238980105677,606181218.9263169
427,"('clear == ""True""', 'peek_obj_type == ""EmptyObject""')",2,"('pop == ""False""', 'size == ""0""')",2,1.0,0.22893972403776325,4.367961934972245,771060275.9622366
428,"('clear == ""True""',)",1,"('peek_obj_type == ""EmptyObject""', 'pop == ""False""', 'size == ""0""')",3,1.0,0.22893972403776325,4.367961934972245,771060275.9622366
429,"('peek_obj_type == ""EmptyObject""', 'pop == ""False""', 'size == ""0""')",3,"('clear == ""True""',)",1,1.0,0.22893972403776325,4.367961934972245,771060275.9622366
430,"('pop == ""False""', 'push == ""False""')",2,"('isEmpty == ""True""',)",1,1.0,0.22893972403776325,2.539238980105677,606181218.9263169
431,"('isEmpty == ""True""', 'pop == ""False""')",2,"('push == ""False""',)",1,1.0,0.22893972403776325,2.2173226395813335,549005642.142897
432,"('clear == ""True""', 'peek_obj_type == ""EmptyObject""', 'size == ""0""')",3,"('isEmpty == ""True""',)",1,1.0,0.22893972403776325,2.539238980105677,606181218.9263169
433,"('clear == ""True""', 'isEmpty == ""True""', 'size == ""0""')",3,"('peek_obj_type == ""EmptyObject""',)",1,1.0,0.22893972403776325,2.539238980105677,606181218.9263169
434,"('clear == ""True""', 'isEmpty == ""True""', 'peek_obj_type == ""EmptyObject""')",3,"('size == ""0""',)",1,1.0,0.22893972403776325,2.539238980105677,606181218.9263169
435,"('clear == ""True""', 'size == ""0""')",2,"('isEmpty == ""True""', 'peek_obj_type == ""EmptyObject""')",2,1.0,0.22893972403776325,2.539238980105677,606181218.9263169
436,"('isEmpty == ""False""',)",1,"('clear == ""False""',)",1,1.0,0.6061812189263169,1.296915469743348,228939724.0377633
437,"('clear == ""True""', 'peek_obj_type == ""EmptyObject""')",2,"('isEmpty == ""True""', 'size == ""0""')",2,1.0,0.22893972403776325,2.539238980105677,606181218.9263169
438,"('clear == ""True""', 'isEmpty == ""True""')",2,"('peek_obj_type == ""EmptyObject""', 'size == ""0""')",2,1.0,0.22893972403776325,2.539238980105677,606181218.9263169
439,"('clear == ""True""',)",1,"('isEmpty == ""True""', 'peek_obj_type == ""EmptyObject""', 'size == ""0""')",3,1.0,0.22893972403776325,2.539238980105677,606181218.9263169
440,"('peek_obj_type == ""EmptyObject""', 'pop == ""False""', 'push == ""False""')",3,"('isEmpty == ""True""',)",1,1.0,0.22893972403776325,2.539238980105677,606181218.9263169
441,"('isEmpty == ""True""', 'pop == ""False""', 'push == ""False""')",3,"('peek_obj_type == ""EmptyObject""',)",1,1.0,0.22893972403776325,2.539238980105677,606181218.9263169
442,"('isEmpty == ""True""', 'peek_obj_type == ""EmptyObject""', 'pop == ""False""')",3,"('push == ""False""',)",1,1.0,0.22893972403776325,2.2173226395813335,549005642.142897
443,"('pop == ""False""', 'push == ""False""')",2,"('isEmpty == ""True""', 'peek_obj_type == ""EmptyObject""')",2,1.0,0.22893972403776325,2.539238980105677,606181218.9263169
444,"('peek_obj_type == ""EmptyObject""', 'pop == ""False""')",2,"('isEmpty == ""True""', 'push == ""False""')",2,1.0,0.22893972403776325,2.539238980105677,606181218.9263169
445,"('isEmpty == ""True""', 'pop == ""False""')",2,"('peek_obj_type == ""EmptyObject""', 'push == ""False""')",2,1.0,0.22893972403776325,2.539238980105677,606181218.9263169
446,"('push == ""False""', 'size == ""0""')",2,"('peek_obj_type == ""EmptyObject""',)",1,1.0,0.393818781073683,2.539238980105677,606181218.9263169
447,"('peek_obj_type == ""EmptyObject""', 'size == ""0""')",2,"('push == ""False""',)",1,1.0,0.393818781073683,2.2173226395813335,549005642.142897
448,"('peek_obj_type == ""EmptyObject""', 'push == ""False""')",2,"('size == ""0""',)",1,1.0,0.393818781073683,2.539238980105677,606181218.9263169
449,"('size == ""0""',)",1,"('peek_obj_type == ""EmptyObject""', 'push == ""False""')",2,1.0,0.393818781073683,2.539238980105677,606181218.9263169
450,"('peek_obj_type == ""EmptyObject""',)",1,"('push == ""False""', 'size == ""0""')",2,1.0,0.393818781073683,2.539238980105677,606181218.9263169
451,"('clear == ""True""',)",1,"('isEmpty == ""True""', 'peek_obj_type == ""EmptyObject""', 'pop == ""False""')",3,1.0,0.22893972403776325,4.367961934972245,771060275.9622366
452,"('pop == ""False""', 'push == ""True""')",2,"('isEmpty == ""False""',)",1,1.0,0.549005642142897,1.6496716968091232,393818781.073683
453,"('isEmpty == ""False""', 'push == ""True""')",2,"('pop == ""False""',)",1,1.0,0.549005642142897,1.2854373115036621,222054633.81933963
454,"('isEmpty == ""False""', 'pop == ""False""')",2,"('push == ""True""',)",1,1.0,0.549005642142897,1.8214749052428074,450994357.85710293
455,"('push == ""True""',)",1,"('isEmpty == ""False""', 'pop == ""False""')",2,1.0,0.549005642142897,1.8214749052428074,450994357.85710293
456,"('isEmpty == ""True""',)",1,"('peek_obj_type == ""EmptyObject""',)",1,1.0,0.393818781073683,2.539238980105677,606181218.9263169
457,"('peek_obj_type == ""EmptyObject""',)",1,"('isEmpty == ""True""',)",1,1.0,0.393818781073683,2.539238980105677,606181218.9263169
458,"('clear == ""True""', 'isEmpty == ""True""', 'peek_obj_type == ""EmptyObject""')",3,"('pop == ""False""', 'push == ""False""', 'size == ""0""')",3,1.0,0.22893972403776325,4.367961934972245,771060275.9622366
459,"('pop == ""False""', 'size == ""0""')",2,"('clear == ""True""', 'isEmpty == ""True""', 'peek_obj_type == ""EmptyObject""', 'push == ""False""')",4,1.0,0.22893972403776325,4.367961934972245,771060275.9622366
460,"('clear == ""True""', 'size == ""0""')",2,"('peek_obj_type == ""EmptyObject""', 'push == ""False""')",2,1.0,0.22893972403776325,2.539238980105677,606181218.9263169
461,"('pop == ""False""', 'push == ""False""')",2,"('clear == ""True""', 'isEmpty == ""True""', 'peek_obj_type == ""EmptyObject""', 'size == ""0""')",4,1.0,0.22893972403776325,4.367961934972245,771060275.9622366
462,"('clear == ""True""', 'push == ""False""')",2,"('peek_obj_type == ""EmptyObject""', 'size == ""0""')",2,1.0,0.22893972403776325,2.539238980105677,606181218.9263169
463,"('peek_obj_type == ""EmptyObject""', 'pop == ""False""')",2,"('clear == ""True""', 'isEmpty == ""True""', 'push == ""False""', 'size == ""0""')",4,1.0,0.22893972403776325,4.367961934972245,771060275.9622366
464,"('isEmpty == ""True""', 'pop == ""False""')",2,"('clear == ""True""', 'peek_obj_type == ""EmptyObject""', 'push == ""False""', 'size == ""0""')",4,1.0,0.22893972403776325,4.367961934972245,771060275.9622366
465,"('clear == ""True""', 'size == ""0""')",2,"('isEmpty == ""True""', 'peek_obj_type == ""EmptyObject""', 'pop == ""False""', 'push == ""False""')",4,1.0,0.22893972403776325,4.367961934972245,771060275.9622366
466,"('clear == ""True""', 'push == ""False""')",2,"('isEmpty == ""True""', 'peek_obj_type == ""EmptyObject""', 'pop == ""False""', 'size == ""0""')",4,1.0,0.22893972403776325,4.367961934972245,771060275.9622366
467,"('clear == ""True""', 'pop == ""False""')",2,"('isEmpty == ""True""', 'peek_obj_type == ""EmptyObject""', 'push == ""False""', 'size == ""0""')",4,1.0,0.22893972403776325,2.539238980105677,606181218.9263169
468,"('isEmpty == ""False""', 'peek_obj_type == ""class java.lang.Float""', 'pop == ""False""', 'push == ""True""')",4,"('clear == ""False""',)",1,1.0,0.2067621920563097,1.296915469743348,228939724.0377633
469,"('clear == ""False""', 'peek_obj_type == ""class java.lang.Float""', 'pop == ""False""', 'push == ""True""')",4,"('isEmpty == ""False""',)",1,1.0,0.2067621920563097,1.6496716968091234,393818781.073683
470,"('clear == ""False""', 'isEmpty == ""False""', 'peek_obj_type == ""class java.lang.Float""', 'push == ""True""')",4,"('pop == ""False""',)",1,1.0,0.2067621920563097,1.2854373115036621,222054633.81933963
471,"('clear == ""False""', 'isEmpty == ""False""', 'peek_obj_type == ""class java.lang.Float""', 'pop == ""False""')",4,"('push == ""True""',)",1,1.0,0.2067621920563097,1.8214749052428072,450994357.85710293
472,"('peek_obj_type == ""class java.lang.Float""', 'pop == ""False""', 'push == ""True""')",3,"('clear == ""False""', 'isEmpty == ""False""')",2,1.0,0.2067621920563097,1.6496716968091234,393818781.073683
473,"('clear == ""True""', 'peek_obj_type == ""EmptyObject""', 'pop == ""False""', 'push == ""False""')",4,"('isEmpty == ""True""',)",1,1.0,0.22893972403776325,2.539238980105677,606181218.9263169
474,"('isEmpty == ""False""', 'peek_obj_type == ""class java.lang.Float""', 'push == ""True""')",3,"('clear == ""False""', 'pop == ""False""')",2,1.0,0.2067621920563097,1.8214749052428072,450994357.85710293
475,"('isEmpty == ""False""', 'peek_obj_type == ""class java.lang.Float""', 'pop == ""False""')",3,"('clear == ""False""', 'push == ""True""')",2,1.0,0.2067621920563097,1.8214749052428072,450994357.85710293
476,"('clear == ""False""', 'peek_obj_type == ""class java.lang.Float""', 'push == ""True""')",3,"('isEmpty == ""False""', 'pop == ""False""')",2,1.0,0.2067621920563097,1.8214749052428072,450994357.85710293
477,"('clear == ""False""', 'peek_obj_type == ""class java.lang.Float""', 'pop == ""False""')",3,"('isEmpty == ""False""', 'push == ""True""')",2,1.0,0.2067621920563097,1.8214749052428072,450994357.85710293
